source,chapter,verse_number,sanskrit_text,hindi_meaning,english_meaning,practical_application,tags,audio_url
Bhagavad Gita,2,47,कर्मण्येवाधिकारस्ते मा फलेषु कदाचन। मा कर्मफलहेतुर्भूर्मा ते सङ्गोऽस्त्वकर्मणि॥,तुम्हारा अधिकार केवल कर्म करने में है फल में कभी नहीं। कर्म के फल का हेतु मत बनो और अकर्म में भी तुम्हारी आसक्ति न हो।,You have the right to perform your duty but not to the fruits of action. Never consider yourself the cause of results and never be attached to inaction.,Focus on your studies or work without constantly worrying about grades or promotion. Do your best and leave results to time. This reduces anxiety and improves performance.,karma;duty;detachment;anxiety,https://www.youtube.com/watch?v=wQ4KJRACmmg
Bhagavad Gita,2,14,मात्रास्पर्शास्तु कौन्तेय शीतोष्णसुखदुःखदाः। आगमापायिनोऽनित्यास्तांस्तितिक्षस्व भारत॥,हे कुन्तीपुत्र! सर्दी-गर्मी और सुख-दुःख देने वाले इन्द्रियों और विषयों के संयोग तो उत्पत्ति-विनाशशील और अनित्य हैं इसलिए हे भारत! उनको तू सहन कर।,The contact of senses with objects gives rise to cold and heat pleasure and pain. They come and go and are impermanent. Endure them bravely O Bharata.,Life has ups and downs - exam stress relationship issues career setbacks. Remember these are temporary phases. Develop emotional resilience to face challenges without breaking down.,resilience;patience;suffering;temporary,https://www.youtube.com/watch?v=wQ4KJRACmmg
Bhagavad Gita,6,5,उद्धरेदात्मनात्मानं नात्मानमवसादयेत्। आत्मैव ह्यात्मनो बन्धुरात्मैव रिपुरात्मनः॥,अपने द्वारा अपना उद्धार करे और अपने को अधोगति में न डाले क्योंकि यह मनुष्य आप ही अपना मित्र है और आप ही अपना शत्रु है।,Elevate yourself through your own efforts and do not degrade yourself. The self alone is the friend of the self and the self alone is the enemy of the self.,Self-improvement is your responsibility. No one else can uplift you - take charge of your growth. Stop blaming circumstances and start taking action. You are your biggest asset and your biggest obstacle.,self-improvement;responsibility;motivation;self-help,https://www.youtube.com/watch?v=wQ4KJRACmmg
Bhagavad Gita,2,56,दुःखेष्वनुद्विग्नमनाः सुखेषु विगतस्पृहः। वीतरागभयक्रोधः स्थितधीर्मुनिरुच्यते॥,जो पुरुष दुःखों की प्राप्ति होने पर उद्विग्न नहीं होता और सुखों की प्राप्ति में स्पृहारहित है तथा जिसके राग भय और क्रोध नष्ट हो गए हैं वह स्थिर बुद्धि मुनि कहा जाता है।,One whose mind is untroubled in suffering who has no longing for pleasures and is free from attachment fear and anger is called a sage of steady wisdom.,Practice emotional stability. Don't get over-excited in success or depressed in failure. Maintain mental balance in all situations. This is the mark of maturity and wisdom.,equanimity;balance;wisdom;emotions,https://www.youtube.com/watch?v=wQ4KJRACmmg
Bhagavad Gita,3,21,यद्यदाचरति श्रेष्ठस्तत्तदेवेतरो जनः। स यत्प्रमाणं कुरुते लोकस्तदनुवर्तते॥,श्रेष्ठ पुरुष जो-जो आचरण करता है अन्य पुरुष भी वैसा-वैसा ही आचरण करते हैं। वह जो कुछ प्रमाण कर देता है समस्त मनुष्य-समुदाय उसी के अनुसार बरतने लग जाता है।,Whatever a great person does common people follow. Whatever standards they set the world follows.,Be a role model. Your actions influence others especially juniors and peers. If you study sincerely skip bad habits and maintain discipline others will follow. Leadership is about setting examples not just giving advice.,leadership;influence;role-model;responsibility,https://www.youtube.com/watch?v=wQ4KJRACmmg
Bhagavad Gita,2,62,ध्यायतो विषयान्पुंसः सङ्गस्तेषूपजायते। सङ्गात्सञ्जायते कामः कामात्क्रोधोऽभिजायते॥,विषयों का चिन्तन करने वाले पुरुष की उन विषयों में आसक्ति हो जाती है आसक्ति से उन विषयों की कामना उत्पन्न होती है और कामना में विघ्न पड़ने से क्रोध उत्पन्न होता है।,Contemplating sense objects leads to attachment. From attachment desire arises and from desire anger is born.,Control your thoughts. What you constantly think about becomes your reality. If you keep thinking about distractions like social media games they become addictions. Direct your mind toward productive goals.,focus;discipline;desire;anger,https://www.youtube.com/watch?v=wQ4KJRACmmg
Bhagavad Gita,18,78,यत्र योगेश्वरः कृष्णो यत्र पार्थो धनुर्धरः। तत्र श्रीर्विजयो भूतिर्ध्रुवा नीतिर्मतिर्मम॥,जहाँ योगेश्वर श्रीकृष्ण हैं और जहाँ गाण्डीव-धनुषधारी अर्जुन है वहीं श्री विजय विभूति और अचल नीति है ऐसा मेरा मत है।,Wherever there is Krishna the lord of yoga and Arjuna the archer there will surely be prosperity victory glory and morality - this is my conviction.,Success comes from combining wisdom with action. Krishna represents knowledge and Arjuna represents effort. You need both - learn the right way and then work hard. Success is guaranteed when preparation meets action.,success;wisdom;action;combination,https://www.youtube.com/watch?v=wQ4KJRACmmg
Bhagavad Gita,6,35,श्रीभगवानुवाच असंशयं महाबाहो मनो दुर्निग्रहं चलम्। अभ्यासेन तु कौन्तेय वैराग्येण च गृह्यते॥,श्रीभगवान बोले - हे महाबाहो! निःसन्देह मन चंचल और कठिनता से वश में होने वाला है परन्तु हे कुन्तीपुत्र! अभ्यास और वैराग्य से यह वश में होता है।,The mind is indeed restless and difficult to control O mighty-armed one but it can be controlled through practice and detachment.,Your mind will wander during study or meditation - this is normal. Don't give up. Keep practicing focus techniques like Pomodoro meditation. With consistent practice mental control improves.,mind-control;practice;meditation;consistency,https://www.youtube.com/watch?v=wQ4KJRACmmg
Bhagavad Gita,4,7,यदा यदा हि धर्मस्य ग्लानिर्भवति भारत। अभ्युत्थानमधर्मस्य तदात्मानं सृजाम्यहम्॥,हे भारत! जब-जब धर्म की हानि और अधर्म की वृद्धि होती है तब-तब मैं अपने रूप को रचता हूँ अर्थात साकार रूप से लोगों के सम्मुख प्रकट होता हूँ।,Whenever there is a decline in righteousness and rise of unrighteousness O Bharata I manifest myself.,Evil doesn't last forever. When things seem unfair or corrupt remember that justice eventually prevails. Have faith that good will triumph. Meanwhile do your part in maintaining righteousness.,justice;hope;righteousness;faith,https://www.youtube.com/watch?v=wQ4KJRACmmg
Bhagavad Gita,2,40,नेहाभिक्रमनाशोऽस्ति प्रत्यवायो न विद्यते। स्वल्पमप्यस्य धर्मस्य त्रायते महतो भयात्॥,इस कर्मयोग में आरम्भ का अर्थात बीज का नाश नहीं है और उलटा फल देने वाला दोष भी नहीं है। इस कर्मयोग रूप धर्म का थोड़ा-सा भी साधन महान भय से रक्षा कर लेता है।,In this path there is no loss of effort nor is there any adverse effect. Even a little practice of this discipline protects one from great fear.,Every small effort counts. Even if you study for 30 minutes or help one person it's not wasted. Small consistent actions lead to big results. Don't wait for perfect conditions - start now with whatever you can do.,progress;effort;consistency;start,https://www.youtube.com/watch?v=wQ4KJRACmmg
Bhagavad Gita,1,1,धृतराष्ट्र उवाच धर्मक्षेत्रे कुरुक्षेत्रे समवेता युयुत्सवः। मामकाः पाण्डवाश्चैव किमकुर्वत सञ्जय॥,धृतराष्ट्र बोले - हे संजय! धर्मभूमि कुरुक्षेत्र में एकत्र हुए युद्ध की इच्छा वाले मेरे और पाण्डवों के पुत्रों ने क्या किया?,Dhritarashtra said: O Sanjay, what did my sons and the sons of Pandu do when they assembled on the holy field of Kurukshetra, eager for battle?,This is the opening verse setting the context for the Bhagavad Gita. It shows how even great warriors face dilemmas in life.,war;dilemma;context,https://www.youtube.com/watch?v=wQ4KJRACmmg
Bhagavad Gita,2,11,अशोच्यानन्वशोचस्त्वं प्रज्ञावादांश्च भाषसे। गतासूनगतासूंश्च नानुशोचन्ति पण्डिताः॥,तू अशोचनीय वस्तुओं को शोच रहा है और पण्डितों की तरह वाणी बोल रहा है। पण्डितजन न तो मरे हुओं के लिए और न जीवितों के लिए शोक करते हैं।,You grieve for those who should not be grieved for, and yet you speak words of wisdom. The wise grieve neither for the living nor for the dead.,Don't waste time mourning over things you can't change. Focus on what you can control - your actions and attitude. Wise people accept reality and move forward.,grief;wisdom;acceptance;focus,https://www.youtube.com/watch?v=wQ4KJRACmmg
Bhagavad Gita,3,9,यज्ञार्थात्कर्मणोऽन्यत्र लोकोऽयं कर्मबन्धनः। तदर्थं कर्म कौन्तेय मुक्तसङ्गः समाचर॥,हे कुन्तीपुत्र! यज्ञ के लिए कर्म करने के सिवाय अन्य कर्मों से यह लोक कर्मबन्धन में बँधता है। इसलिए हे अर्जुन! उस यज्ञ के लिए आसक्ति से मुक्त होकर कर्म कर।,This world is bound by action except when performed for sacrifice. Therefore, O son of Kunti, perform your duty for sacrifice alone, free from attachment.,Perform your duties as service to others, not for personal gain. This frees you from the cycle of karma.,karma;sacrifice;duty;attachment,https://example
Bhagavad Gita,4,8,परित्राणाय साधूनां विनाशाय च दुष्कृताम्। धर्मसंस्थापनार्थाय सम्भवामि युगे युगे॥,साधु पुरुषों का उद्धार करने के लिए और दुष्कर्म करने वालों का विनाश करने के लिए तथा धर्म की अच्छी तरह से स्थापना करने के लिए मैं युग-युग में प्रकट होता हूँ।,For the protection of the good and destruction of the wicked, and for the establishment of righteousness, I am born in every age.,Good always triumphs over evil. Have faith that justice prevails in the long run.,justice;protection;righteousness,https://example
Bhagavad Gita,5,3,ज्ञेयः स नित्यसन्न्यासी यो न द्वेष्टि न काङ्क्षति। निर्द्वन्द्वो हि महाबाहो सुखं बन्धात्प्रमुच्यते॥,हे महाबाहो! जो न तो द्वेष करता है और न इच्छा करता है वह नित्य संन्यासी जानने योग्य है। क्योंकि हे अर्जुन! द्वन्द्वों से रहित पुरुष सुखपूर्वक बन्धन से मुक्त हो जाता है।,He who neither hates nor desires should be known as a perpetual renunciant. For, O mighty-armed one, he who is free from dualities is easily liberated from bondage.,Renounce desires and aversions. Find peace in acceptance of all situations.,renunciation;peace;acceptance,https://example
Bhagavad Gita,6,6,बन्धुरात्मात्मनस्तस्य येनात्मैवात्मना जितः। अनात्मनस्तु शत्रुत्वे वर्तेतात्मैव शत्रुवत्॥,जिसने अपने द्वारा अपने को जीत लिया है उसके लिए वह आत्मा ही अपना बन्धु है। परन्तु जिसने अपने को नहीं जीता उसके लिए आत्मा शत्रु के समान शत्रुता करती है।,For one who has conquered the mind, the mind is the best friend. But for one who has failed to do so, the mind will remain the greatest enemy.,Control your mind through discipline. An undisciplined mind leads to self-destruction.,mind-control;discipline;self-mastery,https://example
Bhagavad Gita,7,7,मत्तः परतरं नान्यत्किञ्चिदस्ति धनञ्जय। मयि सर्वमिदं प्रोतं सूत्रे मणिगणा इव॥,हे धनञ्जय! मुझसे परे और कोई वस्तु नहीं है। यह सब मुझमें प्रोत है जैसे मणियों की माला सूत्र में प्रोत होती है।,There is nothing higher than Me, O Dhananjaya. All that exists is strung on Me like pearls on a thread.,Everything in the universe is connected. Recognize the divine presence in all.,divine;unity;connection,https://example
Bhagavad Gita,8,5,अन्तकाले च मामेव स्मरन्मुक्त्वा कलेवरम्। यः प्रयाति स मद्भावं याति नास्त्यत्र संशयः॥,जो पुरुष अन्तकाल में भी मुझको ही स्मरण करता हुआ शरीर को त्याग कर जाता है वह मेरे स्वरूप को प्राप्त होता है इसमें कोई संशय नहीं है।,Whoever at the time of death remembers Me alone and gives up the body, attains My nature. There is no doubt about this.,Remember the divine at the end. Live with awareness of the eternal.,death;remembrance;divine,https://example
Bhagavad Gita,9,26,पत्रं पुष्पं फलं तोयं यो मे भक्त्या प्रयच्छति। तदहं भक्त्युपहृतमश्नामि प्रयतात्मनः॥,जो कोई भक्तिपूर्वक पत्र पुष्प फल जल मुझे अर्पण करता है उस शुद्ध बुद्धि वाले पुरुष का वह भक्ति से अर्पित किया हुआ अन्न मैं ग्रहण करता हूँ।,Whoever offers Me with devotion a leaf, a flower, a fruit, or water, I accept that offering from the pure-hearted.,Offer your actions with devotion. Even simple acts become sacred.,devotion;offering;sacrifice,https://example
Bhagavad Gita,10,11,तेषामेवानुकम्पार्थमहमज्ञानजं तमः। नाशयाम्यात्मभावस्थो ज्ञानदीपेन भास्वता॥,उन लोगों पर अनुकम्पा करने के लिए मैं उनके हृदय में स्थित होकर अपने ज्ञान के प्रकाशमय दीपक से अज्ञानजनित अन्धकार को नष्ट कर देता हूँ।,Out of compassion for them, I destroy the darkness of ignorance with the light of knowledge dwelling in their hearts.,Seek knowledge to dispel ignorance. The divine helps those who strive for wisdom.,knowledge;ignorance;compassion,https://example
Bhagavad Gita,11,33,तस्मात्त्वमुत्तिष्ठ यशो लभस्व जित्वा शत्रून् भुङ्क्ष्व राज्यं समृद्धम्। मयैवैते निहताः पूर्वमेव निमित्तमात्रं भव सव्यसाचिन्॥,इसलिए तू उठ! यश प्राप्त कर! शत्रुओं को जीतकर समृद्ध राज्य का भोग कर। ये सब पहले से ही मेरे द्वारा मारे जा चुके हैं। हे सव्यसाचिन! तू केवल निमित्तमात्र बन जा।,Therefore arise, win glory, conquer your enemies, and enjoy a prosperous kingdom. These warriors have already been slain by Me. You are merely the instrument, O Savyasachin.,Fulfill your duty. The results are predetermined by divine will.,duty;victory;instrument,https://example
Bhagavad Gita,12,13,अद्वेष्टा सर्वभूतानां मैत्रः करुण एव च। निर्ममो निरहङ्कारः समदुःखसुखः क्षमी॥,जो सब भूतों से द्वेष नहीं करता मैत्रीपूर्ण और करुणा करने वाला है तथा ममता और अहंकार से रहित सम दुःखसुख वाला और क्षमावान है।,One who is not hateful towards any being, who is friendly and compassionate, free from attachment and ego, balanced in pleasure and pain, and forgiving.,Cultivate compassion and forgiveness. Be kind to all beings.,compassion;forgiveness;balance,https://example
Bhagavad Gita,13,8,अमानित्वमदम्भित्वमहिंसा क्षान्तिरार्जवम्। आचार्योपासनं शौचं स्थैर्यमात्मविनिग्रहः॥,अमानित्व अदम्भित्व अहिंसा क्षान्ति आर्जव आचार्योपासन शौच स्थैर्य आत्मविनिग्रह।,Humility, absence of pride, non-violence, patience, honesty, service to the teacher, purity, steadfastness, self-control.,Practice these virtues for spiritual growth.,virtues;humility;self-control,https://example
Bhagavad Gita,14,27,ब्रह्मणो हि प्रतिष्ठाहममृतस्याव्ययस्य च। शाश्वतस्य च धर्मस्य सुखस्यैकान्तिकस्य च॥,क्योंकि मैं ही अमृत अव्यय ब्रह्म की प्रतिष्ठा हूँ और शाश्वत धर्म की तथा पूर्ण सुख की प्रतिष्ठा हूँ।,For I am the abode of Brahman, the immortal and imperishable, of eternal righteousness, and of unending bliss.,Find eternal peace in the divine.,eternal;bliss;divine,https://example
Bhagavad Gita,15,1,ऊर्ध्वमूलमधःशाखमश्वत्थं प्राहुरव्ययम्। छन्दांसि यस्य पर्णानि यस्तं वेद स वेदवित्॥,उर्ध्व मूल और अधः शाखा वाले अश्वत्थ वृक्ष को अव्यय कहते हैं। उसकी पर्ण छन्द हैं। जो उसे जानता है वह वेदों को जानता है।,They speak of the eternal Ashvattha tree with its roots above and branches below. Its leaves are the Vedic hymns. He who knows this knows the Vedas.,Understand the nature of the material world and the spiritual.,knowledge;eternal;world,https://example
Bhagavad Gita,16,1,अभयं सत्त्वसंशुद्धिर्ज्ञानयोगव्यवस्थितिः। दानं दमश्च यज्ञश्च स्वाध्यायस्तप आर्जवम्॥,अभय सत्त्वसंशुद्धि ज्ञानयोगव्यवस्थिति दान दम यज्ञ स्वाध्याय तप आर्जव।,Fearlessness, purity of mind, steadfastness in knowledge and yoga, charity, control of the senses, sacrifice, study of scriptures, austerity, honesty.,Cultivate divine qualities to overcome demonic tendencies.,divine-qualities;fearlessness;purity,https://example
Bhagavad Gita,17,14,देवद्विजगुरुप्राज्ञपूजनं शौचमार्जवम्। ब्रह्मचर्यमहिंसा च शारीरं तप उच्यते॥,देव द्विज गुरु प्राज्ञ पूजन शौच आर्जव ब्रह्मचर्य अहिंसा शारीर तप।,Worship of gods, brahmins, teachers, and wise men; purity, honesty, celibacy, non-violence - these are called bodily austerity.,Practice physical austerity with devotion.,austerity;worship;purity,https://example
Bhagavad Gita,18,37,यत्तदग्रे विषमिव परिणामेऽमृतोपमम्। तत्सुखं सात्त्विकं प्रोक्तमात्मबुद्धिप्रसादजम्॥,जो सुख पहले विष के समान और परिणाम में अमृत के समान है वह सात्त्विक सुख कहा गया है। वह आत्मबुद्धि के प्रसाद से उत्पन्न होता है।,That pleasure which is like poison in the beginning but nectar in the end is said to be sattvic. It arises from the serenity of one's own mind.,True happiness comes from inner peace, even if it starts with difficulty.,happiness;inner-peace;sattvic,https://example
Bhagavad Gita,18,48,सहजं कर्म कौन्तेय सदोषमपि न त्यजेत्। सर्वारम्भा हि दोषेण धूमेनाग्निरिवावृताः॥,हे कुन्तीपुत्र! दोषयुक्त होने पर भी सहज कर्म को नहीं त्यागना चाहिए। क्योंकि सभी कर्म दोष से युक्त हैं जैसे अग्नि धुएँ से आच्छादित है।,One should not abandon one's natural duty, O son of Kunti, even if it is flawed. For all undertakings are clouded by defects, like fire by smoke.,Perform your natural duties despite imperfections. Perfection is not required.,duty;imperfection;natural,https://example
Bhagavad Gita,18,66,सर्वधर्मान्परित्यज्य मामेकं शरणं व्रज। अहं त्वा सर्वपापेभ्यो मोक्षयिष्यामि मा शुचः॥,सब धर्मों को त्याग कर मेरे ही शरण में आ। मैं तुझे सब पापों से मुक्त कर दूँगा। तू शोक मत कर।,Abandon all dharmas and take refuge in Me alone. I will liberate you from all sins. Do not grieve.,Surrender to the divine for ultimate liberation.,surrender;liberation;divine,https://example
Bhagavad Gita,6,17,युक्ताहारविहारस्य युक्तचेष्टस्य कर्मसु। युक्तस्वप्नावबोधस्य योगो भवति दुर्लभः॥,जो भोजन और विहार में संयम रखता है कर्मों में संयम रखता है नींद और जागृति में संयम रखता है उसके लिए योग दुर्लभ नहीं है।,For one who is moderate in eating and recreation, moderate in work, moderate in sleep and wakefulness, yoga becomes the destroyer of suffering.,Practice moderation in all aspects of life for spiritual progress.,moderation;yoga;balance,https://example
Bhagavad Gita,9,27,यत्करोषि यदश्नासि यज्जुहोषि ददासि यत्। यत्तपस्यसि कौन्तेय तत्कुरुष्व मदर्पणम्॥,हे कुन्तीपुत्र! जो कुछ तू करता है जो कुछ खाता है जो कुछ हवन करता है जो कुछ दान देता है और जो कुछ तप करता है वह सब मेरे अर्पण कर।,Whatever you do, whatever you eat, whatever you offer in sacrifice, whatever you give, whatever austerity you practice, do it as an offering to Me.,Offer all your actions to the divine.,offering;action;divine,https://example
Bhagavad Gita,10,4,बुद्धिर्ज्ञानमसंमोहः क्षमा सत्यं दमः शमः। सुखं दुःखं भवोऽभावो भयं चाभयमेव च॥,बुद्धि ज्ञान असंमोह क्षमा सत्य दम शम सुख दुःख भव अभाव भय अभय।,Intelligence, knowledge, freedom from delusion, forgiveness, truth, control of the senses, control of the mind, pleasure, pain, birth, death, fear, and fearlessness.,These qualities come from Me.,qualities;divine;gifts,https://example
Bhagavad Gita,11,54,भक्त्या त्वनन्यया शक्य अहमेवंविधोऽर्जुन। ज्ञातुं द्रष्टुं च तत्त्वेन प्रवेष्टुं च परन्तप॥,हे परन्तप अर्जुन! अनन्य भक्ति से ही मैं इस प्रकार जानने योग्य द्रष्टव्य और तत्त्व से प्रवेश करने योग्य हूँ।,Only through single-minded devotion can I be known and seen in reality, and entered into, O Parantapa.,Devotion is the key to realizing the divine.,devotion;realization;divine,https://example
Bhagavad Gita,12,15,यस्मान्नोद्विजते लोको लोकान्नोद्विजते च यः। हर्षामर्षभयोद्वेगैर्मुक्तो यः स च मे प्रियः॥,जिससे लोक उद्विग्न नहीं होता और जो लोक से उद्विग्न नहीं होता तथा जो हर्ष अमर्ष भय और उद्वेग से मुक्त है वह मुझे प्रिय है।,He by whom the world is not agitated and who is not agitated by the world, who is free from joy, envy, fear, and anxiety - he is dear to Me.,Be steady and unaffected by the world.,steadiness;unaffected;dear,https://example
Bhagavad Gita,13,22,पुरुषः प्रकृतिस्थो हि भुङ्क्ते प्रकृतिजान्गुणान्। कारणं गुणसङ्गोऽस्य सदसद्योनिजन्मसु॥,प्रकृति में स्थित पुरुष प्रकृति से उत्पन्न गुणों को भोगता है। गुणों में आसक्ति ही सदसद् योनियों में जन्म का कारण है।,The soul situated in nature enjoys the gunas born of nature. Attachment to the gunas is the cause of birth in good and evil wombs.,Attachment to material qualities causes rebirth.,attachment;rebirth;gunas,https://example
Bhagavad Gita,14,22,श्रीभगवानुवाच प्रकाशं च प्रवृत्तिं च मोहमेव च पाण्डव। न द्वेष्टि सम्प्रवृत्तानि न निवृत्तानि काङ्क्षति॥,श्रीभगवान बोले - हे पाण्डव! जो पुरुष प्रकाश प्रवृत्ति और मोह को भी समान रूप से देखता है वह न तो उनमें प्रवृत्त होता है और न निवृत्त होता है।,The Lord said: O Pandava, he who sees illumination, activity, and delusion equally, neither hates nor desires them when they arise or cease.,Be equanimous in all situations.,equanimity;balance;situations,https://example
Bhagavad Gita,15,5,निरमानमोहा जितसङ्गदोषा अध्यात्मनित्या विनिवृत्तकामाः। द्वन्द्वैर्विमुक्ताः सुखदुःखसंज्ञैर्गच्छन्त्यमूढाः पदमव्ययं तत्॥,जो मान और मोह से रहित हैं जिन्होंने आसक्ति के दोष को जीत लिया है जो अध्यात्म में नित्य स्थित हैं जिनकी कामनाएँ निवृत्त हो गई हैं जो सुखदुःख रूप द्वन्द्वों से मुक्त हैं वे अमूढ़ पुरुष उस अव्यय पद को प्राप्त होते हैं।,Free from pride and delusion, victorious over the fault of attachment, ever-abiding in the Self, freed from desires, liberated from the pairs of opposites like pleasure and pain, the undeluded reach that eternal goal.,Liberate yourself from desires and opposites to reach the eternal.,liberation;eternal;self,https://example
Bhagavad Gita,16,21,त्रिविधं नरकस्येदं द्वारं नाशनमात्मनः। कामः क्रोधस्तथा लोभस्तस्मादेतत्त्रयं त्यजेत्॥,काम क्रोध तथा लोभ यह आत्मनाशक नरक का त्रिविध द्वार है। इसलिए इस त्रय को त्याग देना चाहिए।,Lust, anger, and greed are the three gates of hell leading to the destruction of the self. Therefore, one should abandon these three.,Avoid lust, anger, and greed to prevent self-destruction.,lust;anger;greed;hell,https://example
Bhagavad Gita,17,23,ॐ तत्सदिति निर्देशो ब्रह्मणस्त्रिविधः स्मृतः। ब्राह्मणास्तेन वेदाश्च यज्ञाश्च विहिताः पुरा॥,ॐ तत् सत् यह ब्रह्म का त्रिविध निर्देश कहा गया है। ब्राह्मण वेद और यज्ञ उसी से पूर्व में विहित किए गए हैं।,Om Tat Sat - this is the threefold designation of Brahman. By that were created the brahmins, the Vedas, and the sacrifices of old.,Use Om Tat Sat in rituals for sacredness.,sacred;ritual;brahman,https://example
Bhagavad Gita,18,42,शमो दमस्तपः शौचं क्षान्तिरार्जवमेव च। ज्ञानं विज्ञानमास्तिक्यं ब्रह्मकर्म स्वभावजम्॥,शम दम तप शौच क्षान्ति आर्जव ज्ञान विज्ञान आस्तिक्य ब्रह्मकर्म स्वभावज।,Tranquility, self-control, austerity, purity, patience, honesty, knowledge, wisdom, faith - these are the natural duties of brahmins.,Know your natural duties.,duties;natural;brahmin,https://example
Bhagavad Gita,18,78,यत्र योगेश्वरः कृष्णो यत्र पार्थो धनुर्धरः। तत्र श्रीर्विजयो भूतिर्ध्रुवा नीतिर्मतिर्मम॥,जहाँ योगेश्वर श्रीकृष्ण हैं और जहाँ गाण्डीव-धनुषधारी अर्जुन है वहीं श्री विजय विभूति और अचल नीति है ऐसा मेरा मत है।,Wherever there is Krishna the lord of yoga and Arjuna the archer there will surely be prosperity victory glory and morality - this is my conviction.,Wisdom and action together bring success.,wisdom;action;success,https://www.youtube.com/watch?v=wQ4KJRACmmg
Bhagavad Gita,2,22,वासांसि जीर्णानि यथा विहाय नवानि गृह्णाति नरोऽपराणि। तथा शरीराणि विहाय जीर्णान्यन्यानि संयाति नवानि देही॥,जैसे मनुष्य पुरानी वस्त्रों को छोड़कर नई वस्त्रें धारण करता है वैसे ही आत्मा पुराने शरीर को छोड़कर नए शरीर को धारण करता है।,Just as a person sheds worn-out clothes and wears new ones so also the soul casts off worn-out bodies and attains new ones.,Life has cycles of change and renewal. Don't be attached to what is temporary. Embrace new opportunities and phases of life with equanimity.,renewal;change;detachment;cycles,https://www.youtube.com/watch?v=wQ4KJRACmmg
Bhagavad Gita,2,20,न जायते म्रियते वा कदाचित्। नायं भूत्वा भविता वा न भूयः। अजोऽनादिरवोऽक्षरो महत्तमो व्ययोऽस्य न कोऽपि हन्ता हन्यते॥,आत्मा न कभी जन्म लेता है और न मरता है। वह सदा बनी रहने वाली है। वह अनादि अनन्त अविनाशी और सनातन है। शरीर मरता है लेकिन ये शरीर को मारते हुए भी उसे कोई नहीं मार सकता।,The soul is never born and nor does it die. It is eternal, immortal, ageless and immutable. The body dies, but the soul never dies.,Your eternal spiritual essence transcends physical death. How you conduct yourself with courage and integrity is what truly matters in life.,soul;eternity;immortality;death,https://www.youtube.com/watch?v=wQ4KJRACmmg
Bhagavad Gita,2,13,देहिनोऽस्मिन्यथा देहे कौमारं यौवनं जरा। तथा देहान्तरप्राप्तिर्धीरस्तत्र न मुह्यति॥,जैसे इस शरीर में देही (आत्मा) को कुमारावस्था, यौवनावस्था और जरावस्था प्राप्त होती है वैसे ही देहान्तर की प्राप्ति होती है। धीर पुरुष वहाँ मोहित नहीं होता।,Just as in this body the embodied soul passes through childhood, youth, and old age, so also does it acquire another body. The wise are not deluded by this.,Accept the natural changes in life. Don't get attached to youth or fear old age. The soul remains unchanged through all transitions.,acceptance;change;wisdom;aging,https://www.youtube.com/watch?v=wQ4KJRACmmg
Bhagavad Gita,2,48,योगस्थः कुरु कर्माणि सङ्गं त्यक्त्वा धनञ्जय। सिद्ध्यसिद्ध्योः समो भूत्वा समत्वं योग उच्यते॥,हे धनञ्जय! आसक्ति को त्याग कर योग में स्थित होकर कर्म कर। सिद्धि और असिद्धि में समान भाव रख। यह समत्व ही योग कहा जाता है।,Perform your duty while remaining established in yoga, O Dhananjaya, abandoning attachment. Be equipoised in success and failure. This equanimity is called yoga.,Maintain balance in success and failure. Don't get elated by success or depressed by failure. This mental stability is true yoga.,equanimity;balance;success;failure,https://www.youtube.com/watch?v=wQ4KJRACmmg
Bhagavad Gita,2,71,विहाय कामान्यः सर्वान्पुमांश्चरति निःस्पृहः। निर्ममो निरहङ्कारः स शान्तिमधिगच्छति॥,जो पुरुष सब कामनाओं को त्याग कर निःस्पृह होकर विचरता है और ममता तथा अहंकार से रहित है वह शान्ति को प्राप्त होता है।,He who abandons all desires and moves free from longing, without the sense of 'I' and 'mine', attains peace.,Renounce selfish desires and ego. This brings true peace and liberation.,peace;renunciation;ego;desire,https://www.youtube.com/watch?v=wQ4KJRACmmg
Bhagavad Gita,3,30,मयि सर्वाणि कर्माणि संन्यस्याध्यात्मचेतसा। निराशीर्निर्ममो भूत्वा युध्यस्व विगतज्वरः॥,सब कर्मों को मेरे अर्पण करके अध्यात्म बुद्धि से युक्त होकर आशा और ममता से रहित होकर ज्वर रहित होकर युद्ध कर।,Renouncing all actions to Me with the mind fixed on the Self, free from desire and the sense of 'mine', fight without fever.,Surrender all your actions to the divine. This frees you from anxiety and brings peace.,surrender;action;divine;peace,https://www.youtube.com/watch?v=wQ4KJRACmmg
Bhagavad Gita,4,34,तद्विद्धि प्रणिपातेन परिप्रश्नेन सेवया। उपदेक्ष्यन्ति ते ज्ञानं ज्ञानिनस्तत्त्वदर्शिनः॥,उस ज्ञान को जान। प्रणिपात (विनय), परिप्रश्न (प्रश्न) और सेवा से ज्ञानी और तत्त्वदर्शी पुरुष तुझे उस ज्ञान का उपदेश करेंगे।,Know that by prostration, inquiry, and service. The wise who have seen the truth will instruct you in knowledge.,Seek knowledge from wise teachers with humility, questions, and service. This is the path to true wisdom.,knowledge;humility;teacher;wisdom,https://www.youtube.com/watch?v=wQ4KJRACmmg
Bhagavad Gita,5,10,ब्रह्मण्याधाय कर्माणि सङ्गं त्यक्त्वा करोति यः। लिप्यते न स पापेन पद्मपत्रमिवाम्भसा॥,जो पुरुष सब कर्मों को ब्रह्म में अर्पण करके और आसक्ति को त्याग करके कर्म करता है वह पाप से लिप्त नहीं होता जैसे कमल का पत्ता जल से।,He who performs actions by dedicating them to Brahman and abandoning attachment is not tainted by sin, just as a lotus leaf is not wetted by water.,Perform your duties without attachment to results. This keeps you pure and free from karma.,detachment;karma;purity;duty,https://www.youtube.com/watch?v=wQ4KJRACmmg
Bhagavad Gita,6,1,श्रीभगवानुवाच अनाश्रितः कर्मफलं कार्यं कर्म करोति यः। स संन्यासी च योगी च न निरग्निर्न चाक्रियः॥,श्रीभगवान बोले - जो पुरुष कर्मफल का आश्रय न लेकर कार्य को कर्म करता है वह संन्यासी और योगी है न कि वह अग्नि रहित और निष्क्रिय।,The Lord said: He who performs his duty without depending on the fruits of action is a renunciant and a yogi, not he who merely does not light the sacred fire or performs no rites.,True renunciation is in the mind, not in abandoning duties. Perform your responsibilities without attachment.,renunciation;duty;mind;action,https://www.youtube.com/watch?v=wQ4KJRACmmg
Bhagavad Gita,6,26,यतो यतो निश्चरति मनश्चञ्चलमस्थिरम्। ततस्ततो नियम्यैतदात्मन्येव वशं नयेत्॥,मन जिस-जिस ओर से चंचल और अस्थिर होकर निकलता है उस-उस ओर से इसे रोककर आत्मा में ही वश में लाए।,From wherever the restless and unsteady mind wanders, bring it back and establish it in the Self alone.,Control your wandering mind through constant practice. Bring it back to focus whenever it strays.,mind-control;focus;practice;discipline,https://www.youtube.com/watch?v=wQ4KJRACmmg
Bhagavad Gita,7,3,मनुष्याणां सहस्रेषु कश्चिद्यतति सिद्धये। यततामपि सिद्धानां कश्चिन्मां वेत्ति तत्त्वतः॥,हजारों मनुष्यों में कोई एक सिद्धि के लिए प्रयत्न करता है और उन प्रयत्नशील सिद्ध लोगों में भी कोई एक मुझे तत्त्व से जानता है।,Among thousands of men, scarcely one strives for perfection, and among those who strive, scarcely one knows Me in truth.,Spiritual progress requires sincere effort. Most people don't even try, and among those who do, few succeed.,effort;perfection;spiritual;progress,https://www.youtube.com/watch?v=wQ4KJRACmmg
Bhagavad Gita,8,7,तस्मात्सर्वेषु कालेषु मामनुस्मर युध्य च। मय्यर्पितमनोबुद्धिर्मामेवैष्यस्यसंशयम्॥,इसलिए सब काल में मुझे याद कर और युद्ध कर। मन और बुद्धि को मेरे अर्पण करके निःसंदेह तू मुझे ही प्राप्त होगा।,Therefore, always remember Me and fight. With mind and intellect dedicated to Me, you will surely attain Me.,Remember the divine in all your activities. This ensures spiritual success.,remembrance;divine;success;mind,https://www.youtube.com/watch?v=wQ4KJRACmmg
Bhagavad Gita,9,22,अनन्याश्चिन्तयन्तो मां ये जनाः पर्युपासते। तेषां नित्याभियुक्तानां योगक्षेमं वहाम्यहम्॥,जो अनन्य भाव से मेरा चिन्तन करते हुए मुझे भजते हैं उन नित्य अभियुक्त जनों का योगक्षेम मैं वहन करता हूँ।,For those who worship Me with undivided attention, I provide what they lack and preserve what they have.,Devote yourself completely to the divine. All your needs will be taken care of.,devotion;protection;needs;divine,https://www.youtube.com/watch?v=wQ4KJRACmmg
Bhagavad Gita,10,10,तेषां सततयुक्तानां भजतां प्रीतिपूर्वकम्। ददामि बुद्धियोगं तं येन मामुपयान्ति ते॥,उन सतत युक्त और प्रेमपूर्वक भजने वालों को मैं वह बुद्धियोग देता हूँ जिससे वे मुझे प्राप्त होते हैं।,To those who are constantly devoted and worship Me with love, I give the yoga of wisdom by which they come to Me.,Devotion and love for the divine bring wisdom and ultimate union.,devotion;wisdom;love;union,https://www.youtube.com/watch?v=wQ4KJRACmmg
Bhagavad Gita,11,55,मच्चित्ता मद्गतप्राणा बोधयन्तः परस्परम्। कथयन्तश्च मां नित्यं तुष्यन्ति च रमन्ति च॥,जो मेरे चित्त वाले मेरे प्राणों वाले परस्पर मुझे बोध देते हुए और नित्य मेरा कथन करते हुए तुष्ट होते हैं और रमण करते हैं।,Those whose minds are fixed on Me, whose lives are surrendered to Me, enlightening one another and always speaking of Me, are content and delighted.,Share spiritual knowledge with others. This brings joy and contentment.,sharing;knowledge;joy;contentment,https://www.youtube.com/watch?v=wQ4KJRACmmg
Bhagavad Gita,12,8,मय्येव मन आधत्स्व मयि बुद्धिं निवेशय। निवसिष्यसि मय्येव अत ऊर्ध्वं न संशयः॥,मन को मुझमें ही लगा और बुद्धि को मुझमें ही निवेश कर। इसके उपरांत तू मुझमें ही निवास करेगा इसमें संशय नहीं।,Fix your mind on Me alone, place your intellect in Me. Thereafter you will dwell in Me alone, without doubt.,Focus your mind and intellect on the divine. This leads to permanent union.,focus;mind;intlect;union,https://www.youtube.com/watch?v=wQ4KJRACmmg
Bhagavad Gita,13,23,उपद्रष्टानुमन्ता च भर्ता भोक्ता महेश्वरः। परमात्मेति चाप्युक्तो देहेऽस्मिन्पुरुषः परः॥,यह देह में स्थित पर पुरुष उपद्रष्टा, अनुमन्ता, भर्ता, भोक्ता, महेश्वर और परमात्मा भी कहा जाता है।,In this body, the Supreme Soul is called the witness, the permitter, the supporter, the enjoyer, the great Lord, and the Supreme Self.,Recognize the divine soul within you as the true controller and enjoyer.,soul;divine;witness;controller,https://www.youtube.com/watch?v=wQ4KJRACmmg
Bhagavad Gita,14,4,सर्वयोनिषु कौन्तेय मूर्तयः सम्भवन्ति याः। तासां ब्रह्म महद्योनिरहं बीजप्रदः पिता॥,हे कुन्तीपुत्र! सभी योनियों में जो मूर्तियाँ उत्पन्न होती हैं उन सबका कारण महत् ब्रह्म है और मैं बीज देने वाला पिता हूँ।,O son of Kunti, in all species of life, the material nature is the womb, and I am the seed-giving Father.,The divine is the source of all creation. Recognize this universal truth.,creation;divine;source;universal,https://www.youtube.com/watch?v=wQ4KJRACmmg
Bhagavad Gita,15,7,ममैवांशो जीवलोके जीवभूतः सनातनः। मनःषष्ठानीन्द्रियाणि प्रकृतिस्थानि कर्षति॥,यह जीवलोक में जीवभूत सनातन मेरा ही अंश है। वह प्रकृति में स्थित छह इन्द्रियों सहित मन को कर्षण करता है।,The eternal soul in the living world is My fragment. It attracts the mind and the five senses that rest in material nature.,The soul is eternal and divine, though bound by material nature.,soul;eternal;divine;material,https://www.youtube.com/watch?v=wQ4KJRACmmg
Bhagavad Gita,16,8,असत्यमप्रतिष्ठं ते जगदाहुरनीश्वरम्। अपरस्परसम्भूतं किमन्यत्कामहैतुकम्॥,वे कहते हैं कि यह जगत् असत्य है अप्रतिष्ठित है ईश्वर रहित है और आपस में सम्भूत है। इसके अतिरिक्त क्या है? वह काम से ही उत्पन्न है।,They say that this world is unreal, without foundation, without a God, brought about by mutual union, and has lust as its only cause.,Materialistic people see the world as godless and driven only by lust. Rise above this limited vision.,materialism;lust;worldview;limitation,https://www.youtube.com/watch?v=wQ4KJRACmmg
Bhagavad Gita,17,3,सत्त्वानुरूपा सर्वस्य श्रद्धा भवति भारत। श्रद्धामयोऽयं पुरुषो यो यच्छ्रद्धः स एव सः॥,हे भारत! सबका श्रद्धा उसके सत्त्व के अनुसार होती है। यह पुरुष श्रद्धा मय है। जो जिसकी श्रद्धा है वह वही है।,O Bharata, faith is in accordance with one's nature. A person consists of faith; as one's faith is, so is one.,Your faith shapes your reality. Cultivate faith in the divine and positive qualities.,faith;nature;reality;positive,https://www.youtube.com/watch?v=wQ4KJRACmmg
Bhagavad Gita,18,17,यस्य नाहंकृतो भावो बुद्धिर्यस्य न लिप्यते। हत्वापि स इमाँल्लोकान्न हन्ति न निबध्यते॥,जिसका अहंकार का भाव नहीं है और जिसकी बुद्धि लिप्त नहीं होती वह इन सब लोकों को मारकर भी नहीं मारता और न बँधता है।,He who has no sense of 'I', whose intellect is not tainted, though he slays these people, he does not slay nor is he bound.,Act without ego. This frees you from the consequences of your actions.,ego;action;freedom;consequences,https://www.youtube.com/watch?v=wQ4KJRACmmg
Bhagavad Gita,18,20,सर्वभूतेषु येनैकं भावमव्ययमीक्षते। अविभक्तं विभक्तेषु तज्ज्ञानं विद्धि सात्त्विकम्॥,जिस ज्ञान से मनुष्य विभक्त में भी अव्यय एक भाव को देखता है वह सात्त्विक ज्ञान है।,Know that knowledge to be sattvic by which one sees the one imperishable reality in all beings, undivided in the divided.,See the unity in diversity. Recognize the divine in all beings.,unity;diversity;divine;knowledge,https://www.youtube.com/watch?v=wQ4KJRACmmg
Bhagavad Gita,18,51,बुद्ध्या विशुद्धया युक्तो धृत्यात्मानं नियम्य च। शब्दादीन्विषयांस्त्यक्त्वा रागद्वेषौ व्युदस्य च॥,विशुद्ध बुद्धि से युक्त होकर और धृति से आत्मा को नियमित करके शब्द आदि विषयों को त्याग कर और राग-द्वेष को दूर करके।,Endowed with pure intellect and controlling the mind with firmness, abandoning sound and other objects of senses, casting aside attraction and repulsion.,Control your mind and senses. This leads to liberation.,control;mind;senses;liberation,https://www.youtube.com/watch?v=wQ4KJRACmmg
Bhagavad Gita,18,62,तमेव शरणं गच्छ सर्वभावेन भारत। तत्प्रसादात्परां शान्तिं स्थानं प्राप्स्यसि शाश्वतम्॥,हे भारत! तू सब प्रकार से उसी की शरण में जा। उसकी कृपा से तू परम शान्ति और शाश्वत स्थान को प्राप्त होगा।,Take refuge in Him alone with all your being, O Bharata. By His grace you will attain supreme peace and the eternal abode.,Surrender completely to the divine for ultimate peace and liberation.,surrender;divine;peace;liberation,https://www.youtube.com/watch?v=wQ4KJRACmmg
